scenario,implementation,n,median_ms,q25_ms,q75_ms,min_ms,max_ms,median_ns,samples
allocate,std::unique_ptr,1000000,5.685583000,5.419167000,6.055209000,5.103500000,7.940167000,5.685583000,21
copy,std::make_shared,10000,0.423292000,0.420666000,0.433625000,0.416084000,0.523500000,2.645575000,21
array,std::unique_ptr,10000,0.119958000,0.115625000,0.123167000,0.114458000,0.323417000,0.374868750,21
allocate,UnqPtr,1000,0.005625000,0.005209000,0.006042000,0.005000000,0.006709000,5.625000000,21
allocate,ShrdPtr,100000,1.080166000,1.053041000,1.135792000,1.013208000,1.549833000,10.801660000,21
allocate,std::make_shared,1000,0.006750000,0.005834000,0.019459000,0.005583000,0.022542000,6.750000000,21
move,std::shared_ptr,1000000,29.628167000,28.621416000,31.984250000,27.795250000,38.706292000,0.925880219,21
array,UnqPtr,1000000,11.816708000,11.363750000,12.394542000,11.307583000,17.817208000,0.369272125,21
lifecycle,std::shared_ptr,100000,2.938500000,2.858542000,3.243625000,2.716875000,5.718250000,29.385000000,21
copy,ShrdPtr,10000,0.174625000,0.167416000,0.251125000,0.161750000,0.328959000,1.091406250,21
allocate,std::unique_ptr,100000,0.541792000,0.527250000,0.572625000,0.505292000,0.714833000,5.417920000,21
lifecycle,std::shared_ptr,10000,0.300500000,0.286291000,0.309458000,0.279375000,0.639333000,30.050000000,21
stack,Stack<std::unique_ptr>,100000,1.530000000,1.444792000,1.595541000,1.396875000,1.833834000,15.300000000,21
move,std::make_shared,1000,0.020833000,0.020291000,0.021208000,0.019667000,0.068042000,0.651031250,21
copy,std::shared_ptr,100000,4.684500000,4.440209000,4.959250000,4.347792000,7.823417000,2.927812500,21
read,std::unique_ptr,1000000,11.998917000,8.219167000,14.082792000,7.922166000,29.111583000,0.374966156,21
allocate,std::shared_ptr,10000,0.116625000,0.109500000,0.125083000,0.106083000,0.243500000,11.662500000,21
array,std::shared_ptr,100000,1.178917000,1.141084000,1.201666000,1.134625000,1.620541000,0.368411563,21
read,UnqPtr,10000,0.079416000,0.078166000,0.082333000,0.073583000,0.092292000,0.248175000,21
array,std::unique_ptr,1000,0.013375000,0.012625000,0.014792000,0.012458000,0.032875000,0.417968750,21
move,UnqPtr,10000,0.192209000,0.180542000,0.199291000,0.172417000,0.665083000,0.600653125,21
read,std::unique_ptr,1000,0.004792000,0.004750000,0.004875000,0.004625000,0.009667000,0.149750000,21
allocate,ShrdPtr,1000,0.011042000,0.010500000,0.011625000,0.009750000,0.035541000,11.042000000,21
read,UnqPtr,1000000,11.717166000,10.238833000,13.400917000,8.288166000,21.544167000,0.366161438,21
lifecycle,UnqPtr,1000000,13.399708000,13.142792000,15.213208000,12.621083000,18.511917000,13.399708000,21
lifecycle,std::make_shared,1000,0.018792000,0.017667000,0.022333000,0.015375000,0.037458000,18.792000000,21
lifecycle,std::make_shared,1000000,18.007625000,17.592709000,19.113666000,16.775541000,24.068875000,18.007625000,21
read,std::make_shared,1000,0.005833000,0.005667000,0.005958000,0.005458000,0.007792000,0.182281250,21
allocate,ShrdPtr,1000000,11.095208000,10.880208000,11.299250000,9.812458000,14.487667000,11.095208000,21
stack,Stack<std::unique_ptr>,1000,0.014042000,0.013292000,0.014625000,0.012500000,0.029167000,14.042000000,21
stack,Stack<UnqPtr>,100000,1.362709000,1.333542000,1.474167000,1.244333000,2.099708000,13.627090000,21
lifecycle,std::unique_ptr,1000000,13.627542000,13.177167000,14.234125000,12.754833000,18.784125000,13.627542000,21
copy,std::make_shared,1000,0.026250000,0.025917000,0.026375000,0.025417000,0.050416000,1.640625000,21
lifecycle,UnqPtr,100000,1.332584000,1.287041000,1.396625000,1.249083000,2.479666000,13.325840000,21
allocate,std::unique_ptr,1000,0.005875000,0.005375000,0.006291000,0.005042000,0.012083000,5.875000000,21
copy,std::shared_ptr,10000,0.423791000,0.418167000,0.429916000,0.405333000,0.518375000,2.648693750,21
move,std::unique_ptr,100000,1.871709000,1.832250000,2.005500000,1.801583000,3.512000000,0.584909062,21
move,std::make_shared,100000,2.816333000,2.759042000,2.962291000,2.744417000,6.208667000,0.880104062,21
array,std::shared_ptr,10000,0.119542000,0.118208000,0.122500000,0.115500000,0.142625000,0.373568750,21
stack,Stack<std::unique_ptr>,1000000,15.412375000,14.778291000,17.683375000,14.238584000,21.081792000,15.412375000,21
read,ShrdPtr,100000,0.934292000,0.923084000,1.019625000,0.895542000,1.335959000,0.291966250,21
array,std::unique_ptr,1000000,11.691250000,11.348041000,12.820291000,11.269459000,16.615833000,0.365351563,21
allocate,UnqPtr,100000,0.566834000,0.534459000,0.645375000,0.501875000,1.108458000,5.668340000,21
stack,Stack<UnqPtr>,10000,0.137750000,0.135333000,0.151583000,0.127916000,0.271500000,13.775000000,21
read,ShrdPtr,1000000,13.791834000,12.614833000,14.684667000,10.959334000,42.035542000,0.430994812,21
move,std::make_shared,1000000,29.836917000,28.437667000,33.019583000,27.769542000,50.790042000,0.932403656,21
array,ShrdPtr,1000000,11.726750000,11.322666000,14.151417000,11.267292000,22.967209000,0.366460937,21
read,std::make_shared,10000,0.124000000,0.122375000,0.127375000,0.119458000,0.165791000,0.387500000,21
allocate,ShrdPtr,10000,0.114292000,0.107959000,0.119625000,0.100750000,0.249875000,11.429200000,21
move,std::shared_ptr,10000,0.281166000,0.276500000,0.296917000,0.268041000,0.672209000,0.878643750,21
allocate,std::shared_ptr,100000,1.127833000,1.092500000,1.199417000,1.029209000,2.413625000,11.278330000,21
copy,ShrdPtr,100000,2.122959000,1.764125000,2.982542000,1.621708000,3.921041000,1.326849375,21
stack,Stack<UnqPtr>,1000000,13.785041000,13.560708000,14.945375000,13.300375000,22.221584000,13.785041000,21
allocate,std::shared_ptr,1000,0.012042000,0.011541000,0.012250000,0.010584000,0.023500000,12.042000000,21
stack,Stack<UnqPtr>,1000,0.012250000,0.011708000,0.012708000,0.011125000,0.028958000,12.250000000,21
array,UnqPtr,10000,0.119000000,0.117000000,0.122334000,0.115167000,0.296083000,0.371875000,21
read,std::shared_ptr,10000,0.100750000,0.095791000,0.107625000,0.092334000,0.138375000,0.314843750,21
allocate,std::unique_ptr,10000,0.062417000,0.057000000,0.066042000,0.052208000,0.108000000,6.241700000,21
move,UnqPtr,100000,1.879709000,1.833875000,2.094333000,1.803416000,3.811583000,0.587409063,21
read,UnqPtr,1000,0.004875000,0.004833000,0.005000000,0.004666000,0.006000000,0.152343750,21
read,std::shared_ptr,1000000,15.435167000,13.432709000,19.131625000,10.884458000,32.949709000,0.482348969,21
copy,ShrdPtr,1000,0.013792000,0.013334000,0.014958000,0.012375000,0.026917000,0.862000000,21
copy,std::make_shared,1000000,51.778833000,47.462625000,53.711708000,44.000792000,70.536583000,3.236177062,21
move,UnqPtr,1000000,19.224875000,18.531709000,20.614542000,18.346250000,26.914792000,0.600777344,21
stack,Stack<std::unique_ptr>,10000,0.160084000,0.153417000,0.166834000,0.142917000,0.363625000,16.008400000,21
allocate,std::shared_ptr,1000000,11.266416000,10.725750000,12.286667000,10.263792000,16.729333000,11.266416000,21
move,UnqPtr,1000,0.015625000,0.015291000,0.016500000,0.015000000,0.052417000,0.488281250,21
array,std::shared_ptr,1000000,11.906042000,11.476583000,13.134709000,11.247708000,15.148750000,0.372063812,21
allocate,std::make_shared,100000,0.591417000,0.566875000,0.634000000,0.531625000,0.863917000,5.914170000,21
read,UnqPtr,100000,0.775084000,0.725084000,0.835125000,0.660292000,3.223333000,0.242213750,21
array,ShrdPtr,100000,1.171584000,1.144750000,1.183083000,1.134375000,1.881750000,0.366120000,21
move,std::unique_ptr,1000,0.015750000,0.015542000,0.016250000,0.015334000,0.051042000,0.492187500,21
array,ShrdPtr,10000,0.118333000,0.115250000,0.120209000,0.114917000,1.297500000,0.369790625,21
lifecycle,std::unique_ptr,1000,0.013792000,0.012958000,0.014834000,0.011250000,0.026500000,13.792000000,21
lifecycle,std::shared_ptr,1000000,30.337375000,29.233167000,35.153917000,28.300375000,84.503792000,30.337375000,21
lifecycle,ShrdPtr,100000,2.506583000,2.470458000,2.596667000,2.342542000,3.179542000,25.065830000,21
lifecycle,ShrdPtr,1000000,28.834167000,25.476291000,29.366958000,24.849000000,37.439959000,28.834167000,21
read,std::shared_ptr,100000,0.967125000,0.943334000,1.050125000,0.877917000,2.381125000,0.302226563,21
allocate,UnqPtr,10000,0.061667000,0.055208000,0.065792000,0.052625000,0.114125000,6.166700000,21
array,std::shared_ptr,1000,0.013792000,0.013291000,0.014042000,0.013041000,0.036167000,0.431000000,21
read,ShrdPtr,10000,0.102209000,0.096750000,0.107334000,0.094333000,0.233458000,0.319403125,21
lifecycle,UnqPtr,1000,0.013375000,0.012208000,0.015291000,0.011500000,0.046333000,13.375000000,21
copy,std::shared_ptr,1000,0.026375000,0.026041000,0.029959000,0.025083000,0.049083000,1.648437500,21
read,std::make_shared,100000,1.329417000,1.253000000,1.547208000,1.232708000,3.161167000,0.415442812,21
lifecycle,std::unique_ptr,10000,0.133958000,0.131541000,0.144500000,0.124834000,0.281958000,13.395800000,21
allocate,std::make_shared,1000000,5.980291000,5.619333000,6.100167000,5.370542000,7.962083000,5.980291000,21
read,ShrdPtr,1000,0.005584000,0.005542000,0.005958000,0.005458000,0.014208000,0.174500000,21
move,std::unique_ptr,1000000,20.154292000,19.063709000,22.551000000,18.368292000,35.050458000,0.629821625,21
read,std::unique_ptr,100000,0.721416000,0.701458000,0.785791000,0.659667000,1.033250000,0.225442500,21
lifecycle,UnqPtr,10000,0.131666000,0.129417000,0.135500000,0.124792000,0.270750000,13.166600000,21
copy,ShrdPtr,1000000,29.849958000,27.838000000,34.614083000,19.719958000,42.126083000,1.865622375,21
lifecycle,std::shared_ptr,1000,0.029000000,0.027750000,0.031084000,0.025417000,0.058041000,29.000000000,21
read,std::unique_ptr,10000,0.078292000,0.076083000,0.080833000,0.072875000,0.181958000,0.244662500,21
array,std::unique_ptr,100000,1.185834000,1.144667000,1.272584000,1.137209000,1.720166000,0.370573125,21
allocate,std::make_shared,10000,0.060334000,0.058292000,0.063250000,0.053667000,0.073833000,6.033400000,21
move,ShrdPtr,1000,0.020916000,0.020042000,0.023834000,0.019791000,0.025709000,0.653625000,21
read,std::make_shared,1000000,28.617916000,22.222542000,33.569667000,19.864791000,46.015958000,0.894309875,21
copy,std::shared_ptr,1000000,52.816250000,46.524958000,61.550125000,44.067667000,75.353875000,3.301015625,21
move,ShrdPtr,1000000,31.294125000,28.526208000,38.547458000,27.777792000,47.838500000,0.977941406,21
lifecycle,std::make_shared,100000,1.784333000,1.676500000,1.937916000,1.618125000,3.329334000,17.843330000,21
move,std::shared_ptr,1000,0.020667000,0.020416000,0.021000000,0.019750000,0.042125000,0.645843750,21
lifecycle,ShrdPtr,10000,0.255292000,0.250375000,0.268666000,0.243292000,0.422791000,25.529200000,21
copy,std::make_shared,100000,4.604584000,4.428417000,4.746292000,4.358666000,5.246250000,2.877865000,21
allocate,UnqPtr,1000000,5.706166000,5.442667000,6.521958000,5.040333000,9.322334000,5.706166000,21
array,ShrdPtr,1000,0.014000000,0.013250000,0.014792000,0.012792000,0.032167000,0.437500000,21
move,std::make_shared,10000,0.280292000,0.278667000,0.290750000,0.270333000,0.710250000,0.875912500,21
lifecycle,ShrdPtr,1000,0.022500000,0.021959000,0.023125000,0.021208000,0.050625000,22.500000000,21
move,std::shared_ptr,100000,2.827417000,2.810666000,2.890417000,2.745084000,4.731542000,0.883567813,21
move,ShrdPtr,10000,0.282709000,0.275084000,0.284625000,0.268667000,0.340792000,0.883465625,21
move,ShrdPtr,100000,2.854875000,2.764333000,2.973542000,2.746792000,3.661916000,0.892148437,21
lifecycle,std::unique_ptr,100000,1.290875000,1.264375000,1.347042000,1.178666000,1.837709000,12.908750000,21
read,std::shared_ptr,1000,0.005875000,0.005750000,0.006125000,0.005417000,0.007250000,0.183593750,21
lifecycle,std::make_shared,10000,0.169834000,0.164333000,0.184375000,0.160292000,0.259709000,16.983400000,21
move,std::unique_ptr,10000,0.185292000,0.181459000,0.190541000,0.175125000,0.919333000,0.579037500,21
array,UnqPtr,1000,0.013375000,0.013125000,0.014125000,0.012625000,0.023875000,0.417968750,21
array,UnqPtr,100000,1.184959000,1.156750000,1.357875000,1.137750000,2.953250000,0.370299687,21
